layer_name,layer_type,output_shape,elapsed_ms,process_rss_bytes,process_vms_bytes,system_total_ram_bytes,system_available_ram_bytes,system_used_ram_bytes,system_ram_percent,gpu_allocated_bytes,gpu_reserved_bytes,gpu_max_allocated_bytes,gpu_max_reserved_bytes
pool3,MaxPool2d,"(64, 96, 26, 26)",0.4991490859538317,1394335744,20076576768,201390104576,197101531136,4288573440,2.1,102196736,161480704,102196736,161480704
drop3,Dropout,"(64, 96, 26, 26)",0.044486019760370255,1394335744,20076576768,201390104576,197101531136,4288573440,2.1,102196736,161480704,102196736,161480704
pool5,MaxPool2d,"(64, 256, 2, 2)",0.15405402518808842,1394335744,20076576768,201390104576,197101531136,4288573440,2.1,102196736,161480704,102196736,161480704
drop5,Dropout,"(64, 256, 2, 2)",0.041945953853428364,1394335744,20076576768,201390104576,197101531136,4288573440,2.1,102196736,161480704,102196736,161480704
