epoch,train_loss,test_loss,test_accuracy,epoch_time_seconds
1,1.119912,0.711982,73.2900,87.900018
2,0.631838,0.544980,79.9600,84.727335
3,0.525179,0.491031,82.0600,83.935316
4,0.465405,0.417251,84.7200,83.813400
5,0.423011,0.393198,85.4500,83.772072
