epoch,train_loss,test_loss,test_accuracy
1,1.137727,0.720784,73.5400
2,0.657013,0.560883,79.6400
3,0.534786,0.492019,81.7600
4,0.479389,0.437553,84.0700
5,0.436882,0.399263,85.0700
