epoch,split,elapsed_seconds,process_rss_bytes,process_vms_bytes,system_total_ram_bytes,system_available_ram_bytes,system_used_ram_bytes,system_ram_percent,gpu_allocated_bytes,gpu_reserved_bytes,gpu_max_allocated_bytes,gpu_max_reserved_bytes,train_loss,test_loss,test_accuracy
1,train,86.70692205429077,1120604160,18444148736,201390104576,197349928960,4040175616,2.0,95246848,603979776,459867136,603979776,1.1385080981483338,,
1,test,10.18419361114502,1197608960,18515779584,201390104576,197279043584,4111060992,2.0,92035584,603979776,459867136,603979776,,0.6911864165306091,74.21
2,train,85.04964852333069,1209204736,18527019008,201390104576,197258108928,4131995648,2.1,95246848,603979776,459867136,603979776,0.6340893674602133,,
2,test,9.95271372795105,1211572224,18529423360,201390104576,197261295616,4128808960,2.1,92035584,603979776,459867136,603979776,,0.5363928977966309,80.13
